{"src_pts": [[1.5279295944873613e-08, 3.661877289227458e-08], [0.22933110434593842, 0.13265145819417343], [0.28541271899623133, 0.16398188224336452], [0.26500438671381377, -0.0007231648165271359], [0.3290598339542147, -0.0009938643082519523], [0.2291046414531533, -0.13314487625845778], [0.28458014018881816, -0.1651570560125742]], "dst_angs": [[1.0471975511965979, 0.7853981633974483, 0.0, 2.356194490192345], [1.0471975511965979, 0.27, 1.0307963267948965, 1.8407963267948966], [1.5707963267948966, 0.7853981633974483, 0.0, 2.356194490192345], [1.5707963267948966, 0.27, 1.0307963267948965, 1.8407963267948966], [2.0943951023931957, 0.7853981633974483, 0.0, 2.356194490192345], [2.0943951023931957, 0.27, 1.0307963267948965, 1.8407963267948966]]}